layer	D	Hq	Hk	seq_len	batch	spec	compression	quality	latency_us	block_kv	block_h	num_warps	num_kv_splits
sliding	256	16	8	1024	1	k8v4kb16vb16	2.2857142857142856	0.9967928528785706	31.74129997205455	16	4	2	32
sliding	256	16	8	1024	1	k8v4kb64vb16	2.4150943396226414	0.9966907501220703	31.80079993398976	16	8	2	32
sliding	256	16	8	1024	1	k8v8kb32vb64	1.9104477611940298	0.9999675154685974	31.82279997417936	16	4	2	32
sliding	256	16	8	1024	1	k4v4kb16vb32	3.3684210526315788	0.9934799671173096	31.861200022831326	16	8	2	32
sliding	256	16	8	1024	1	k4v4kb16vb16	3.2	0.9939507246017456	31.98790000169538	16	8	2	32
sliding	256	16	8	1024	1	k8v8kb16vb16	1.7777777777777777	0.9999810457229614	32.18639994884143	32	4	2	32
sliding	256	16	8	1024	1	k4v8kb16vb32	2.3703703703703702	0.997208833694458	32.2370999128907	32	8	4	32
sliding	256	16	8	1024	1	k4v8kb32vb64	2.5098039215686274	0.9968607425689697	32.332199953089	16	4	2	32
sliding	256	16	8	1024	1	k8v8kb64vb16	1.855072463768116	0.9999710917472839	32.351899972127285	16	8	4	32
sliding	256	16	8	1024	1	k8v8kb32vb16	1.8285714285714285	0.9999780654907227	32.44819999963511	16	4	4	32
sliding	256	16	8	1024	1	k8v8kb64vb32	1.9104477611940298	0.9999677538871765	32.506500065210275	16	4	2	32
sliding	256	16	8	1024	1	k8v4kb64vb64	2.56	0.9948023557662964	32.59429995523533	32	4	2	32
sliding	256	16	8	1024	1	k4v4kb32vb16	3.3684210526315788	0.9939905405044556	32.67780002715881	16	4	2	32
sliding	256	16	8	1024	1	k8v4kb32vb64	2.5098039215686274	0.9949468970298767	32.84510003140895	16	8	4	32
sliding	256	16	8	1024	1	k8v4kb64vb32	2.5098039215686274	0.995962381362915	32.88019997853553	32	4	2	32
sliding	256	16	8	1024	1	k8v8kb32vb32	1.8823529411764706	0.999966025352478	32.88790003352915	16	8	4	32
sliding	256	16	8	1024	1	k8v8kb64vb64	1.9393939393939394	0.9999699592590332	32.95349997642916	16	8	4	32
sliding	256	16	8	1024	1	k4v4kb64vb32	3.657142857142857	0.9900367259979248	33.06799999336363	16	4	2	64
sliding	256	16	8	1024	1	k4v8kb32vb16	2.3703703703703702	0.9968538284301758	33.09950006951112	16	8	4	32
sliding	256	16	8	1024	1	k8v8kb16vb64	1.855072463768116	0.999973475933075	33.14360001240857	16	8	2	32
sliding	256	16	8	1024	1	k8v4kb16vb64	2.4150943396226414	0.9950109124183655	33.203300063178176	32	4	2	32
sliding	256	16	8	1024	1	k4v4kb64vb16	3.4594594594594597	0.9934231042861938	33.20860005260329	16	8	2	32
sliding	256	16	8	1024	1	k8v8kb16vb32	1.8285714285714285	0.9999788999557495	33.28989996589371	32	4	2	32
sliding	256	16	8	1024	1	k4v4kb32vb64	3.657142857142857	0.9921186566352844	33.34789998916676	32	8	2	32
sliding	256	16	8	1024	1	k8v4kb32vb16	2.3703703703703702	0.9968478679656982	33.365799936291296	16	8	2	32
sliding	256	16	8	1024	1	k4v4kb32vb32	3.5555555555555554	0.9922168850898743	33.39039994898485	16	8	4	64
sliding	256	16	8	1024	1	k4v8kb32vb32	2.4615384615384617	0.9966180920600891	33.53989995957818	32	8	4	64
sliding	256	16	8	1024	1	k4v4kb16vb64	3.4594594594594597	0.9925328493118286	33.58769999977085	32	8	4	64
sliding	256	16	8	1024	1	k4v8kb64vb32	2.5098039215686274	0.9961153864860535	33.667899970168946	32	8	4	32
sliding	256	16	8	1024	1	k4v4kb64vb64	3.764705882352941	0.9919142723083496	33.89729999980773	32	8	4	32
sliding	256	16	8	1024	1	k4v8kb16vb16	2.2857142857142856	0.9970935583114624	33.90530000615399	32	8	2	32
sliding	256	16	8	1024	1	k4v8kb16vb64	2.4150943396226414	0.9969246983528137	33.971800075960346	16	8	2	32
sliding	256	16	8	1024	1	k4v8kb64vb16	2.4150943396226414	0.9959100484848022	34.66529997240286	16	8	2	64
sliding	256	16	8	1024	1	k8v4kb16vb32	2.3703703703703702	0.995717465877533	34.67999995336868	16	8	4	32
sliding	256	16	8	1024	1	k4v8kb64vb64	2.56	0.9957903623580933	34.95299997666734	32	4	4	64
sliding	256	16	8	1024	1	k8v4kb32vb32	2.4615384615384617	0.9959402084350586	35.38370001479052	16	8	4	64
sliding	256	16	8	1024	8	k8v4kb16vb64	2.4150943396226414	0.9950109124183655	31.06359999947017	16	8	4	32
sliding	256	16	8	1024	8	k8v4kb32vb32	2.4615384615384617	0.9959402084350586	31.072599995241035	16	8	2	32
sliding	256	16	8	1024	8	k8v4kb16vb32	2.3703703703703702	0.995717465877533	31.276200024876744	16	8	2	32
sliding	256	16	8	1024	8	k8v4kb64vb32	2.5098039215686274	0.995962381362915	31.384999965666793	16	8	2	32
sliding	256	16	8	1024	8	k4v8kb16vb64	2.4150943396226414	0.9969246983528137	31.486899933952373	16	8	2	32
sliding	256	16	8	1024	8	k4v4kb32vb32	3.5555555555555554	0.9922168850898743	31.52999997837469	16	8	2	32
sliding	256	16	8	1024	8	k8v4kb32vb64	2.5098039215686274	0.9949468970298767	31.558600039716115	16	8	4	32
sliding	256	16	8	1024	8	k8v4kb32vb16	2.3703703703703702	0.9968478679656982	31.588500041834777	16	8	4	32
sliding	256	16	8	1024	8	k4v4kb32vb16	3.3684210526315788	0.9939905405044556	31.612900056643415	16	8	2	32
sliding	256	16	8	1024	8	k4v8kb32vb16	2.3703703703703702	0.9968538284301758	31.68960001858068	16	8	2	32
sliding	256	16	8	1024	8	k8v4kb16vb16	2.2857142857142856	0.9967928528785706	31.702500018582214	16	8	4	64
sliding	256	16	8	1024	8	k8v8kb16vb64	1.855072463768116	0.999973475933075	31.751200003782287	16	8	2	32
sliding	256	16	8	1024	8	k8v8kb64vb32	1.9104477611940298	0.9999677538871765	31.76869995513698	16	8	2	32
sliding	256	16	8	1024	8	k8v4kb64vb16	2.4150943396226414	0.9966907501220703	31.86189996995381	32	8	2	32
sliding	256	16	8	1024	8	k8v8kb64vb16	1.855072463768116	0.9999710917472839	31.863999993220204	16	8	2	32
sliding	256	16	8	1024	8	k8v8kb16vb16	1.7777777777777777	0.9999810457229614	31.886900069366675	16	8	4	32
sliding	256	16	8	1024	8	k4v8kb64vb32	2.5098039215686274	0.9961153864860535	31.969199972081697	16	8	2	32
sliding	256	16	8	1024	8	k4v4kb64vb32	3.657142857142857	0.9900367259979248	32.0090000059281	16	8	4	32
sliding	256	16	8	1024	8	k4v4kb32vb64	3.657142857142857	0.9921186566352844	32.018500041886	16	8	2	32
sliding	256	16	8	1024	8	k4v8kb64vb16	2.4150943396226414	0.9959100484848022	32.102900058816886	16	8	2	32
sliding	256	16	8	1024	8	k8v8kb64vb64	1.9393939393939394	0.9999699592590332	32.17669991499861	16	8	2	32
sliding	256	16	8	1024	8	k8v8kb16vb32	1.8285714285714285	0.9999788999557495	32.181300048250705	16	8	2	32
sliding	256	16	8	1024	8	k4v4kb64vb16	3.4594594594594597	0.9934231042861938	32.275299963657744	16	8	2	32
sliding	256	16	8	1024	8	k8v8kb32vb16	1.8285714285714285	0.9999780654907227	32.31109994885628	16	8	2	32
sliding	256	16	8	1024	8	k4v8kb16vb32	2.3703703703703702	0.997208833694458	32.313600058841985	16	8	2	32
sliding	256	16	8	1024	8	k8v8kb32vb32	1.8823529411764706	0.999966025352478	32.343000020773616	16	8	4	32
sliding	256	16	8	1024	8	k4v4kb64vb64	3.764705882352941	0.9919142723083496	32.40940004616277	16	8	4	32
sliding	256	16	8	1024	8	k8v8kb32vb64	1.9104477611940298	0.9999675154685974	32.48569992138073	16	8	4	32
sliding	256	16	8	1024	8	k8v4kb64vb64	2.56	0.9948023557662964	32.492700029251864	16	8	4	64
sliding	256	16	8	1024	8	k4v8kb64vb64	2.56	0.9957903623580933	32.778800050436985	16	8	2	32
sliding	256	16	8	1024	8	k4v8kb16vb16	2.2857142857142856	0.9970935583114624	32.91160001026583	16	8	4	32
sliding	256	16	8	1024	8	k4v8kb32vb32	2.4615384615384617	0.9966180920600891	32.99549998700968	16	8	2	32
sliding	256	16	8	1024	8	k4v8kb32vb64	2.5098039215686274	0.9968607425689697	33.29900000608177	16	8	2	32
sliding	256	16	8	1024	8	k4v4kb16vb64	3.4594594594594597	0.9925328493118286	33.784599963837536	32	8	4	32
sliding	256	16	8	1024	8	k4v4kb16vb32	3.3684210526315788	0.9934799671173096	35.400999968260294	32	8	4	32
sliding	256	16	8	1024	8	k4v4kb16vb16	3.2	0.9939507246017456	36.61359996840474	16	8	4	32
sliding	256	16	8	1024	32	k8v4kb32vb16	2.3703703703703702	0.9968478679656982	41.54030002609943	16	8	2	32
sliding	256	16	8	1024	32	k8v4kb64vb32	2.5098039215686274	0.995962381362915	41.843300004984485	16	8	2	32
sliding	256	16	8	1024	32	k8v4kb32vb32	2.4615384615384617	0.9959402084350586	42.41839997121133	16	8	2	32
sliding	256	16	8	1024	32	k8v4kb64vb64	2.56	0.9948023557662964	42.46839998813812	16	8	2	32
sliding	256	16	8	1024	32	k8v4kb32vb64	2.5098039215686274	0.9949468970298767	43.04530002627871	16	8	2	32
sliding	256	16	8	1024	32	k8v4kb16vb32	2.3703703703703702	0.995717465877533	45.74730000967975	16	8	2	32
sliding	256	16	8	1024	32	k8v4kb64vb16	2.4150943396226414	0.9966907501220703	46.03540000971407	16	8	2	32
sliding	256	16	8	1024	32	k8v4kb16vb16	2.2857142857142856	0.9967928528785706	46.730499980185414	16	8	2	32
sliding	256	16	8	1024	32	k8v4kb16vb64	2.4150943396226414	0.9950109124183655	47.43669996969402	16	8	2	32
sliding	256	16	8	1024	32	k4v4kb16vb32	3.3684210526315788	0.9934799671173096	48.1762000163144	16	8	2	32
sliding	256	16	8	1024	32	k4v4kb64vb32	3.657142857142857	0.9900367259979248	48.84469999524299	16	8	2	32
sliding	256	16	8	1024	32	k4v4kb32vb64	3.657142857142857	0.9921186566352844	49.573399974178756	16	8	2	32
sliding	256	16	8	1024	32	k4v4kb32vb32	3.5555555555555554	0.9922168850898743	49.64219997418695	16	8	2	32
sliding	256	16	8	1024	32	k4v4kb32vb16	3.3684210526315788	0.9939905405044556	51.996000001963694	16	8	2	32
sliding	256	16	8	1024	32	k4v4kb16vb64	3.4594594594594597	0.9925328493118286	52.27539995757979	16	8	2	32
sliding	256	16	8	1024	32	k4v4kb64vb16	3.4594594594594597	0.9934231042861938	52.513700029521715	16	8	2	32
sliding	256	16	8	1024	32	k4v4kb16vb16	3.2	0.9939507246017456	52.861999938613735	16	8	2	32
sliding	256	16	8	1024	32	k4v4kb64vb64	3.764705882352941	0.9919142723083496	53.85999993450241	16	8	4	32
sliding	256	16	8	1024	32	k8v8kb64vb32	1.9104477611940298	0.9999677538871765	56.63309993906296	16	8	2	32
sliding	256	16	8	1024	32	k8v8kb64vb64	1.9393939393939394	0.9999699592590332	56.779500027914764	16	8	2	32
sliding	256	16	8	1024	32	k8v8kb32vb64	1.9104477611940298	0.9999675154685974	56.78249999618856	16	8	2	32
sliding	256	16	8	1024	32	k8v8kb32vb32	1.8823529411764706	0.999966025352478	57.82199996247073	16	8	4	32
sliding	256	16	8	1024	32	k8v8kb16vb16	1.7777777777777777	0.9999810457229614	59.45920001977356	16	8	4	32
sliding	256	16	8	1024	32	k4v8kb64vb64	2.56	0.9957903623580933	59.72779999865452	16	8	2	32
sliding	256	16	8	1024	32	k8v8kb64vb16	1.855072463768116	0.9999710917472839	60.259200017753756	16	8	2	32
sliding	256	16	8	1024	32	k8v8kb16vb64	1.855072463768116	0.999973475933075	60.35789992893115	16	8	4	32
sliding	256	16	8	1024	32	k8v8kb32vb16	1.8285714285714285	0.9999780654907227	60.56519996491261	16	8	2	32
sliding	256	16	8	1024	32	k4v8kb32vb64	2.5098039215686274	0.9968607425689697	60.773600034735864	16	8	2	32
sliding	256	16	8	1024	32	k8v8kb16vb32	1.8285714285714285	0.9999788999557495	60.79439999666647	16	8	4	32
sliding	256	16	8	1024	32	k4v8kb32vb32	2.4615384615384617	0.9966180920600891	61.38279995866469	16	8	2	32
sliding	256	16	8	1024	32	k4v8kb64vb32	2.5098039215686274	0.9961153864860535	61.9391000327596	16	8	2	32
sliding	256	16	8	1024	32	k4v8kb16vb64	2.4150943396226414	0.9969246983528137	63.76480005201301	16	8	2	32
sliding	256	16	8	1024	32	k4v8kb64vb16	2.4150943396226414	0.9959100484848022	63.7923999420309	16	8	2	32
sliding	256	16	8	1024	32	k4v8kb32vb16	2.3703703703703702	0.9968538284301758	63.86750001183828	16	8	2	32
sliding	256	16	8	1024	32	k4v8kb16vb16	2.2857142857142856	0.9970935583114624	64.07290002243826	16	8	2	32
sliding	256	16	8	1024	32	k4v8kb16vb32	2.3703703703703702	0.997208833694458	64.34320002881577	16	8	2	32
sliding	256	16	8	1024	64	k8v4kb32vb32	2.4615384615384617	0.9959402084350586	76.4589999562304	16	8	2	32
sliding	256	16	8	1024	64	k8v4kb32vb16	2.3703703703703702	0.9968478679656982	79.35470002848888	16	8	2	32
sliding	256	16	8	1024	64	k8v4kb16vb64	2.4150943396226414	0.9950109124183655	79.65550003063981	16	8	2	32
sliding	256	16	8	1024	64	k8v4kb64vb64	2.56	0.9948023557662964	79.84789999682107	16	8	2	32
sliding	256	16	8	1024	64	k8v4kb32vb64	2.5098039215686274	0.9949468970298767	79.88320003278204	16	8	2	32
sliding	256	16	8	1024	64	k8v4kb64vb32	2.5098039215686274	0.995962381362915	79.96439999260474	16	8	2	32
sliding	256	16	8	1024	64	k8v4kb16vb32	2.3703703703703702	0.995717465877533	80.06560001376783	16	8	2	32
sliding	256	16	8	1024	64	k8v4kb64vb16	2.4150943396226414	0.9966907501220703	80.3022000582132	16	8	2	32
sliding	256	16	8	1024	64	k8v4kb16vb16	2.2857142857142856	0.9967928528785706	80.45579997997265	16	8	2	32
sliding	256	16	8	1024	64	k4v4kb32vb16	3.3684210526315788	0.9939905405044556	85.63139999751002	16	8	2	32
sliding	256	16	8	1024	64	k4v4kb16vb64	3.4594594594594597	0.9925328493118286	85.67220002078102	16	8	2	32
sliding	256	16	8	1024	64	k4v4kb64vb16	3.4594594594594597	0.9934231042861938	85.68379998905584	16	8	2	32
sliding	256	16	8	1024	64	k4v4kb16vb32	3.3684210526315788	0.9934799671173096	85.84870001868694	16	8	2	32
sliding	256	16	8	1024	64	k4v4kb16vb16	3.2	0.9939507246017456	86.24520005469094	16	8	2	32
sliding	256	16	8	1024	64	k4v4kb64vb64	3.764705882352941	0.9919142723083496	86.94459993421333	16	8	2	32
sliding	256	16	8	1024	64	k4v4kb32vb32	3.5555555555555554	0.9922168850898743	87.4908999321633	16	8	2	32
sliding	256	16	8	1024	64	k4v4kb32vb64	3.657142857142857	0.9921186566352844	88.37430004859925	16	8	2	32
sliding	256	16	8	1024	64	k4v4kb64vb32	3.657142857142857	0.9900367259979248	88.91229999790085	16	8	2	32
sliding	256	16	8	1024	64	k8v8kb16vb32	1.8285714285714285	0.9999788999557495	106.27100000419887	16	8	2	32
sliding	256	16	8	1024	64	k8v8kb16vb16	1.7777777777777777	0.9999810457229614	106.39189995345077	16	8	2	32
sliding	256	16	8	1024	64	k8v8kb32vb16	1.8285714285714285	0.9999780654907227	106.74790000848589	16	8	2	32
sliding	256	16	8	1024	64	k8v8kb64vb64	1.9393939393939394	0.9999699592590332	107.22850001911866	16	8	2	32
sliding	256	16	8	1024	64	k8v8kb16vb64	1.855072463768116	0.999973475933075	107.29770001489669	16	8	2	32
sliding	256	16	8	1024	64	k8v8kb32vb64	1.9104477611940298	0.9999675154685974	109.19229998762603	16	8	2	32
sliding	256	16	8	1024	64	k8v8kb64vb32	1.9104477611940298	0.9999677538871765	109.37960005321656	16	8	2	32
sliding	256	16	8	1024	64	k8v8kb64vb16	1.855072463768116	0.9999710917472839	109.57750000670785	16	8	2	32
sliding	256	16	8	1024	64	k8v8kb32vb32	1.8823529411764706	0.999966025352478	111.89930000909953	16	8	4	32
sliding	256	16	8	1024	64	k4v8kb16vb16	2.2857142857142856	0.9970935583114624	112.68500002188375	16	8	2	32
sliding	256	16	8	1024	64	k4v8kb16vb32	2.3703703703703702	0.997208833694458	113.05810003250372	16	8	2	32
sliding	256	16	8	1024	64	k4v8kb16vb64	2.4150943396226414	0.9969246983528137	113.16760001136572	16	8	2	32
sliding	256	16	8	1024	64	k4v8kb64vb16	2.4150943396226414	0.9959100484848022	113.19400000502355	16	8	2	32
sliding	256	16	8	1024	64	k4v8kb32vb16	2.3703703703703702	0.9968538284301758	113.53899999448913	16	8	2	32
sliding	256	16	8	1024	64	k4v8kb64vb32	2.5098039215686274	0.9961153864860535	115.21199994604103	16	8	2	32
sliding	256	16	8	1024	64	k4v8kb32vb64	2.5098039215686274	0.9968607425689697	116.9215000118129	16	8	2	32
sliding	256	16	8	1024	64	k4v8kb32vb32	2.4615384615384617	0.9966180920600891	117.24850000973674	16	8	2	32
sliding	256	16	8	1024	64	k4v8kb64vb64	2.56	0.9957903623580933	117.61910000132048	16	8	2	32
sliding	256	16	8	1024	128	k8v4kb32vb64	2.5098039215686274	0.9949468970298767	166.47149996060762	16	8	2	32
sliding	256	16	8	1024	128	k8v4kb32vb16	2.3703703703703702	0.9968478679656982	166.76479999659932	16	8	2	32
sliding	256	16	8	1024	128	k8v4kb64vb16	2.4150943396226414	0.9966907501220703	167.2485999733908	16	8	2	32
sliding	256	16	8	1024	128	k8v4kb32vb32	2.4615384615384617	0.9959402084350586	167.33170004954445	16	8	2	32
sliding	256	16	8	1024	128	k8v4kb16vb64	2.4150943396226414	0.9950109124183655	167.79569996288046	16	8	2	32
sliding	256	16	8	1024	128	k8v4kb16vb32	2.3703703703703702	0.995717465877533	167.99470004116301	16	8	2	32
sliding	256	16	8	1024	128	k8v4kb16vb16	2.2857142857142856	0.9967928528785706	168.35780006658752	16	8	2	32
sliding	256	16	8	1024	128	k4v4kb64vb16	3.4594594594594597	0.9934231042861938	177.23070004649344	16	8	2	32
sliding	256	16	8	1024	128	k4v4kb32vb64	3.657142857142857	0.9921186566352844	178.16990002756938	16	8	2	32
sliding	256	16	8	1024	128	k4v4kb16vb16	3.2	0.9939507246017456	178.68740005724248	16	8	2	32
sliding	256	16	8	1024	128	k8v4kb64vb64	2.56	0.9948023557662964	178.69949997475487	16	8	4	32
sliding	256	16	8	1024	128	k4v4kb32vb32	3.5555555555555554	0.9922168850898743	178.8636000128463	16	8	2	32
sliding	256	16	8	1024	128	k4v4kb16vb32	3.3684210526315788	0.9934799671173096	178.92449995997595	16	8	2	32
sliding	256	16	8	1024	128	k4v4kb64vb64	3.764705882352941	0.9919142723083496	180.49270001938567	16	8	2	32
sliding	256	16	8	1024	128	k4v4kb32vb16	3.3684210526315788	0.9939905405044556	180.71659997076495	16	8	2	32
sliding	256	16	8	1024	128	k4v4kb64vb32	3.657142857142857	0.9900367259979248	181.0312000088743	16	8	2	32
sliding	256	16	8	1024	128	k4v4kb16vb64	3.4594594594594597	0.9925328493118286	183.34870001126546	16	8	2	32
sliding	256	16	8	1024	128	k8v4kb64vb32	2.5098039215686274	0.995962381362915	195.6407999387011	16	8	2	32
sliding	256	16	8	1024	128	k8v8kb64vb16	1.855072463768116	0.9999710917472839	205.88259994838154	16	8	2	32
sliding	256	16	8	1024	128	k8v8kb16vb32	1.8285714285714285	0.9999788999557495	205.89140003721695	16	8	2	32
sliding	256	16	8	1024	128	k8v8kb16vb64	1.855072463768116	0.999973475933075	206.30630006053252	16	8	2	32
sliding	256	16	8	1024	128	k8v8kb32vb16	1.8285714285714285	0.9999780654907227	207.76300007128157	16	8	2	32
sliding	256	16	8	1024	128	k8v8kb16vb16	1.7777777777777777	0.9999810457229614	207.99809999516583	16	8	2	32
sliding	256	16	8	1024	128	k8v8kb64vb64	1.9393939393939394	0.9999699592590332	210.4347000567941	16	8	2	32
sliding	256	16	8	1024	128	k8v8kb64vb32	1.9104477611940298	0.9999677538871765	216.20469997287728	16	8	2	32
sliding	256	16	8	1024	128	k8v8kb32vb64	1.9104477611940298	0.9999675154685974	216.32590005538077	16	8	2	32
sliding	256	16	8	1024	128	k8v8kb32vb32	1.8823529411764706	0.999966025352478	216.42230003635632	16	8	2	32
sliding	256	16	8	1024	128	k4v8kb16vb64	2.4150943396226414	0.9969246983528137	228.7014000103227	16	8	2	32
sliding	256	16	8	1024	128	k4v8kb64vb16	2.4150943396226414	0.9959100484848022	229.0417000040179	16	8	2	32
sliding	256	16	8	1024	128	k4v8kb16vb32	2.3703703703703702	0.997208833694458	229.12650001671864	16	8	2	32
sliding	256	16	8	1024	128	k4v8kb16vb16	2.2857142857142856	0.9970935583114624	229.75530000621802	16	8	2	32
sliding	256	16	8	1024	128	k4v8kb32vb16	2.3703703703703702	0.9968538284301758	230.6450000105542	16	8	2	32
sliding	256	16	8	1024	128	k4v8kb64vb64	2.56	0.9957903623580933	230.6658000634343	16	8	2	32
sliding	256	16	8	1024	128	k4v8kb64vb32	2.5098039215686274	0.9961153864860535	231.31919997467776	16	8	2	32
sliding	256	16	8	1024	128	k4v8kb32vb32	2.4615384615384617	0.9966180920600891	232.06799996842165	16	8	2	32
sliding	256	16	8	1024	128	k4v8kb32vb64	2.5098039215686274	0.9968607425689697	232.7276999494643	16	8	2	32
sliding	256	16	8	1024	240	k8v4kb64vb64	2.56	0.9948023557662964	303.2443999472889	16	8	2	32
sliding	256	16	8	1024	240	k8v4kb16vb32	2.3703703703703702	0.995717465877533	303.8881000065885	16	8	2	32
sliding	256	16	8	1024	240	k8v4kb16vb64	2.4150943396226414	0.9950109124183655	305.16780007019406	16	8	2	32
sliding	256	16	8	1024	240	k8v4kb16vb16	2.2857142857142856	0.9967928528785706	305.8471000258578	16	8	2	32
sliding	256	16	8	1024	240	k8v4kb32vb32	2.4615384615384617	0.9959402084350586	306.9080999921425	16	8	2	32
sliding	256	16	8	1024	240	k8v4kb64vb16	2.4150943396226414	0.9966907501220703	308.3304999563552	16	8	2	32
sliding	256	16	8	1024	240	k8v4kb64vb32	2.5098039215686274	0.995962381362915	309.2597999966529	16	8	2	32
sliding	256	16	8	1024	240	k8v4kb32vb64	2.5098039215686274	0.9949468970298767	309.5930000199587	16	8	2	32
sliding	256	16	8	1024	240	k8v4kb32vb16	2.3703703703703702	0.9968478679656982	310.8540000539506	16	8	2	32
sliding	256	16	8	1024	240	k4v4kb16vb16	3.2	0.9939507246017456	328.34009998623515	16	8	2	32
sliding	256	16	8	1024	240	k4v4kb16vb64	3.4594594594594597	0.9925328493118286	328.5925000454881	16	8	2	32
sliding	256	16	8	1024	240	k4v4kb16vb32	3.3684210526315788	0.9934799671173096	329.5444999821484	16	8	2	32
sliding	256	16	8	1024	240	k4v4kb32vb16	3.3684210526315788	0.9939905405044556	331.06390001194086	16	8	2	32
sliding	256	16	8	1024	240	k4v4kb64vb16	3.4594594594594597	0.9934231042861938	331.12310002252343	16	8	2	32
sliding	256	16	8	1024	240	k4v4kb64vb64	3.764705882352941	0.9919142723083496	331.4947999569995	16	8	2	32
sliding	256	16	8	1024	240	k4v4kb32vb64	3.657142857142857	0.9921186566352844	331.8797999781964	16	8	2	32
sliding	256	16	8	1024	240	k4v4kb32vb32	3.5555555555555554	0.9922168850898743	332.2585000205436	16	8	2	32
sliding	256	16	8	1024	240	k4v4kb64vb32	3.657142857142857	0.9900367259979248	336.2997999829531	16	8	2	32
sliding	256	16	8	1024	240	k8v8kb32vb16	1.8285714285714285	0.9999780654907227	376.90230001317104	16	8	2	32
sliding	256	16	8	1024	240	k8v8kb64vb16	1.855072463768116	0.9999710917472839	377.65929992019664	16	8	2	32
sliding	256	16	8	1024	240	k8v8kb16vb32	1.8285714285714285	0.9999788999557495	378.74970003031194	16	8	2	32
sliding	256	16	8	1024	240	k8v8kb16vb64	1.855072463768116	0.999973475933075	378.82810001974576	16	8	2	32
sliding	256	16	8	1024	240	k8v8kb16vb16	1.7777777777777777	0.9999810457229614	379.60390000080224	16	8	2	32
sliding	256	16	8	1024	240	k8v8kb64vb64	1.9393939393939394	0.9999699592590332	381.74829996933113	16	8	2	32
sliding	256	16	8	1024	240	k8v8kb64vb32	1.9104477611940298	0.9999677538871765	391.6516000572301	16	8	2	32
sliding	256	16	8	1024	240	k8v8kb32vb32	1.8823529411764706	0.999966025352478	392.8994000489183	16	8	2	32
sliding	256	16	8	1024	240	k8v8kb32vb64	1.9104477611940298	0.9999675154685974	395.29460000267136	16	8	4	32
sliding	256	16	8	1024	240	k4v8kb16vb32	2.3703703703703702	0.997208833694458	412.68429995398037	16	8	2	32
sliding	256	16	8	1024	240	k4v8kb16vb16	2.2857142857142856	0.9970935583114624	413.04410005977843	16	8	2	32
sliding	256	16	8	1024	240	k4v8kb16vb64	2.4150943396226414	0.9969246983528137	414.16439999011345	16	8	2	32
sliding	256	16	8	1024	240	k4v8kb32vb16	2.3703703703703702	0.9968538284301758	414.95830000712886	16	8	2	32
sliding	256	16	8	1024	240	k4v8kb64vb16	2.4150943396226414	0.9959100484848022	416.71500002848916	16	8	2	32
sliding	256	16	8	1024	240	k4v8kb32vb32	2.4615384615384617	0.9966180920600891	418.97959999914747	16	8	2	32
sliding	256	16	8	1024	240	k4v8kb32vb64	2.5098039215686274	0.9968607425689697	419.87770000559976	16	8	2	32
sliding	256	16	8	1024	240	k4v8kb64vb32	2.5098039215686274	0.9961153864860535	420.66400001203874	16	8	2	32
sliding	256	16	8	1024	240	k4v8kb64vb64	2.56	0.9957903623580933	422.6275999826612	16	8	2	32
global	512	16	2	8192	1	k8v4kb16vb32	2.3703703703703702	0.9958562850952148	49.60610003763577	32	8	4	64
global	512	16	2	8192	1	k8v4kb64vb64	2.56	0.9948689937591553	50.34719997638604	32	8	4	64
global	512	16	2	8192	1	k8v4kb32vb16	2.3703703703703702	0.9970170855522156	50.43109995312989	32	8	4	64
global	512	16	2	8192	1	k8v4kb64vb32	2.5098039215686274	0.9958614110946655	50.76160005046404	32	8	4	64
global	512	16	2	8192	1	k4v4kb64vb64	3.764705882352941	0.9908187389373779	51.1606000145548	16	8	4	64
global	512	16	2	8192	1	k8v4kb16vb16	2.2857142857142856	0.996934175491333	51.29950004629791	16	8	4	64
global	512	16	2	8192	1	k8v4kb32vb64	2.5098039215686274	0.9951202869415283	51.522299963835394	32	8	4	64
global	512	16	2	8192	1	k8v4kb16vb64	2.4150943396226414	0.9951935410499573	51.61339995538583	16	8	4	64
global	512	16	2	8192	1	k4v8kb64vb64	2.56	0.9955765008926392	51.831500059051905	16	8	4	64
global	512	16	2	8192	1	k8v4kb64vb16	2.4150943396226414	0.9967867136001587	55.11409999598982	16	8	4	64
global	512	16	2	8192	1	k4v4kb16vb32	3.3684210526315788	0.9926023483276367	55.62650003412273	16	8	4	64
global	512	16	2	8192	1	k4v4kb32vb32	3.5555555555555554	0.9920855760574341	55.69889999605948	16	8	4	64
global	512	16	2	8192	1	k4v4kb64vb32	3.657142857142857	0.9920229315757751	55.88120002357755	16	8	4	64
global	512	16	2	8192	1	k4v4kb32vb64	3.657142857142857	0.9914973974227905	56.150599993998185	16	8	4	64
global	512	16	2	8192	1	k8v4kb32vb32	2.4615384615384617	0.9957436919212341	57.097999979305314	16	8	4	64
global	512	16	2	8192	1	k8v8kb16vb32	1.8285714285714285	0.9999741315841675	57.31470000682748	16	8	4	64
global	512	16	2	8192	1	k8v8kb16vb16	1.7777777777777777	0.999980628490448	57.7218000216817	16	8	4	64
global	512	16	2	8192	1	k8v8kb64vb32	1.9104477611940298	0.999969482421875	57.896900034393184	16	8	4	64
global	512	16	2	8192	1	k8v8kb32vb16	1.8285714285714285	0.9999756217002869	57.9669000217109	16	8	4	64
global	512	16	2	8192	1	k4v4kb16vb16	3.2	0.9939029216766357	58.4540000090783	16	8	4	64
global	512	16	2	8192	1	k4v4kb64vb16	3.4594594594594597	0.9928691387176514	59.48979996901471	32	8	4	64
global	512	16	2	8192	1	k8v8kb16vb64	1.855072463768116	0.999973475933075	60.13929996697698	16	8	4	64
global	512	16	2	8192	1	k4v8kb64vb32	2.5098039215686274	0.9953038096427917	61.64690003060969	16	8	4	64
global	512	16	2	8192	1	k8v8kb64vb16	1.855072463768116	0.9999755620956421	61.73709998620325	16	8	4	128
global	512	16	2	8192	1	k4v4kb32vb16	3.3684210526315788	0.993203341960907	62.11340005393139	16	8	4	64
global	512	16	2	8192	1	k8v8kb64vb64	1.9393939393939394	0.9999664425849915	62.3490000180027	32	8	4	64
global	512	16	2	8192	1	k4v4kb16vb64	3.4594594594594597	0.9928065538406372	62.75399991864105	16	8	4	64
global	512	16	2	8192	1	k8v8kb32vb32	1.8823529411764706	0.9999752044677734	63.42380002024583	16	8	4	128
global	512	16	2	8192	1	k8v8kb32vb64	1.9104477611940298	0.9999697804450989	63.594199946237495	16	8	4	128
global	512	16	2	8192	1	k4v8kb16vb64	2.4150943396226414	0.9977798461914062	63.613499969505945	16	8	4	64
global	512	16	2	8192	1	k4v8kb32vb32	2.4615384615384617	0.9960058331489563	66.17569997615647	16	8	4	64
global	512	16	2	8192	1	k4v8kb16vb16	2.2857142857142856	0.9981381893157959	67.47389998054132	16	8	4	64
global	512	16	2	8192	1	k4v8kb32vb16	2.3703703703703702	0.994443953037262	67.95469998905901	16	8	4	64
global	512	16	2	8192	1	k4v8kb64vb16	2.4150943396226414	0.995914101600647	68.12069996158243	16	8	4	64
global	512	16	2	8192	1	k4v8kb16vb32	2.3703703703703702	0.9974852800369263	68.13159998273477	16	8	4	64
global	512	16	2	8192	1	k4v8kb32vb64	2.5098039215686274	0.9964655637741089	69.1617000484257	16	8	4	64
global	512	16	2	8192	8	k4v4kb64vb64	3.764705882352941	0.9908187389373779	138.88139992559445	16	8	2	32
global	512	16	2	8192	8	k8v4kb64vb64	2.56	0.9948689937591553	157.36949999336503	32	8	4	64
global	512	16	2	8192	8	k8v4kb16vb32	2.3703703703703702	0.9958562850952148	171.86909999509226	16	8	2	64
global	512	16	2	8192	8	k8v4kb16vb64	2.4150943396226414	0.9951935410499573	172.57740000786725	16	8	2	64
global	512	16	2	8192	8	k8v4kb32vb16	2.3703703703703702	0.9970170855522156	174.32839995308314	16	8	2	64
global	512	16	2	8192	8	k8v4kb64vb16	2.4150943396226414	0.9967867136001587	175.24149998280336	16	8	2	64
global	512	16	2	8192	8	k8v4kb16vb16	2.2857142857142856	0.996934175491333	175.31659996166127	16	8	4	32
global	512	16	2	8192	8	k4v4kb32vb64	3.657142857142857	0.9914973974227905	175.993999982893	16	8	2	64
global	512	16	2	8192	8	k4v4kb32vb32	3.5555555555555554	0.9920855760574341	176.13869995329878	16	8	2	64
global	512	16	2	8192	8	k4v4kb64vb32	3.657142857142857	0.9920229315757751	176.4767999702599	16	8	2	64
global	512	16	2	8192	8	k8v4kb64vb32	2.5098039215686274	0.9958614110946655	176.68910004431382	16	8	2	64
global	512	16	2	8192	8	k4v4kb64vb16	3.4594594594594597	0.9928691387176514	177.05539994494757	16	8	2	64
global	512	16	2	8192	8	k4v4kb32vb16	3.3684210526315788	0.993203341960907	177.3022000634228	16	8	2	64
global	512	16	2	8192	8	k4v4kb16vb32	3.3684210526315788	0.9926023483276367	177.38520000420976	16	8	2	64
global	512	16	2	8192	8	k4v4kb16vb64	3.4594594594594597	0.9928065538406372	177.39490003805258	16	8	2	32
global	512	16	2	8192	8	k8v4kb32vb32	2.4615384615384617	0.9957436919212341	177.91270001907833	16	8	2	64
global	512	16	2	8192	8	k8v4kb32vb64	2.5098039215686274	0.9951202869415283	178.55229998531286	16	8	2	64
global	512	16	2	8192	8	k8v8kb64vb64	1.9393939393939394	0.9999664425849915	191.57420001647552	16	8	4	64
global	512	16	2	8192	8	k4v4kb16vb16	3.2	0.9939029216766357	198.04369994744775	16	8	2	128
global	512	16	2	8192	8	k4v8kb64vb64	2.56	0.9955765008926392	202.0605000325304	16	8	4	64
global	512	16	2	8192	8	k8v8kb64vb32	1.9104477611940298	0.999969482421875	230.76829993442516	16	8	4	64
global	512	16	2	8192	8	k8v8kb64vb16	1.855072463768116	0.9999755620956421	231.3897000021825	16	8	4	64
global	512	16	2	8192	8	k8v8kb16vb16	1.7777777777777777	0.999980628490448	231.72430001068278	16	8	4	64
global	512	16	2	8192	8	k8v8kb32vb16	1.8285714285714285	0.9999756217002869	232.60349998963648	16	8	4	32
global	512	16	2	8192	8	k8v8kb32vb32	1.8823529411764706	0.9999752044677734	233.30730000452604	16	8	4	64
global	512	16	2	8192	8	k8v8kb16vb64	1.855072463768116	0.999973475933075	233.3352000277955	16	8	4	32
global	512	16	2	8192	8	k8v8kb16vb32	1.8285714285714285	0.9999741315841675	234.4114999687008	16	8	4	64
global	512	16	2	8192	8	k8v8kb32vb64	1.9104477611940298	0.9999697804450989	235.19460000898107	16	8	4	64
global	512	16	2	8192	8	k4v8kb64vb32	2.5098039215686274	0.9953038096427917	251.07589999606716	16	8	4	64
global	512	16	2	8192	8	k4v8kb32vb32	2.4615384615384617	0.9960058331489563	252.9110000068613	16	8	4	64
global	512	16	2	8192	8	k4v8kb32vb64	2.5098039215686274	0.9964655637741089	255.87310001355945	16	8	4	64
global	512	16	2	8192	8	k4v8kb64vb16	2.4150943396226414	0.995914101600647	262.76179996784776	16	8	4	64
global	512	16	2	8192	8	k4v8kb16vb64	2.4150943396226414	0.9977798461914062	263.3895000144548	16	8	4	64
global	512	16	2	8192	8	k4v8kb16vb32	2.3703703703703702	0.9974852800369263	263.7915999912366	16	8	4	64
global	512	16	2	8192	8	k4v8kb16vb16	2.2857142857142856	0.9981381893157959	264.1748999849369	16	8	4	64
global	512	16	2	8192	8	k4v8kb32vb16	2.3703703703703702	0.994443953037262	265.93180000418215	16	8	4	64
global	512	16	2	8192	32	k4v4kb64vb64	3.764705882352941	0.9908187389373779	454.2046999631566	16	8	2	32
global	512	16	2	8192	32	k8v4kb64vb64	2.56	0.9948689937591553	473.00409996751114	16	8	2	32
global	512	16	2	8192	32	k8v4kb64vb16	2.4150943396226414	0.9967867136001587	524.3571999926644	16	8	2	32
global	512	16	2	8192	32	k8v4kb16vb32	2.3703703703703702	0.9958562850952148	526.5300000246498	16	8	2	32
global	512	16	2	8192	32	k8v4kb32vb32	2.4615384615384617	0.9957436919212341	529.9476999425679	16	8	2	32
global	512	16	2	8192	32	k8v4kb32vb16	2.3703703703703702	0.9970170855522156	530.4851999426319	16	8	2	64
global	512	16	2	8192	32	k8v4kb16vb16	2.2857142857142856	0.996934175491333	531.2678999871423	16	8	2	64
global	512	16	2	8192	32	k8v4kb16vb64	2.4150943396226414	0.9951935410499573	531.682400014688	16	8	2	32
global	512	16	2	8192	32	k8v4kb64vb32	2.5098039215686274	0.9958614110946655	531.9750999660755	16	8	2	32
global	512	16	2	8192	32	k8v4kb32vb64	2.5098039215686274	0.9951202869415283	533.2396000085282	16	8	2	32
global	512	16	2	8192	32	k4v4kb16vb16	3.2	0.9939029216766357	569.4859999493929	16	8	2	32
global	512	16	2	8192	32	k4v4kb64vb16	3.4594594594594597	0.9928691387176514	571.8511999475595	16	8	2	32
global	512	16	2	8192	32	k4v4kb16vb32	3.3684210526315788	0.9926023483276367	573.0003000280703	16	8	2	32
global	512	16	2	8192	32	k4v4kb32vb16	3.3684210526315788	0.993203341960907	573.4778999794798	16	8	2	32
global	512	16	2	8192	32	k4v4kb16vb64	3.4594594594594597	0.9928065538406372	575.1497999881394	16	8	2	64
global	512	16	2	8192	32	k4v4kb32vb64	3.657142857142857	0.9914973974227905	585.1274999258749	16	8	2	64
global	512	16	2	8192	32	k4v4kb64vb32	3.657142857142857	0.9920229315757751	586.2793000233069	16	8	2	64
global	512	16	2	8192	32	k4v4kb32vb32	3.5555555555555554	0.9920855760574341	586.7210000360501	16	8	2	64
global	512	16	2	8192	32	k8v8kb64vb64	1.9393939393939394	0.9999664425849915	599.1932999677374	16	8	4	32
global	512	16	2	8192	32	k4v8kb64vb64	2.56	0.9955765008926392	667.1310999990965	16	8	4	32
global	512	16	2	8192	32	k8v8kb64vb16	1.855072463768116	0.9999755620956421	727.5352000760904	16	8	4	32
global	512	16	2	8192	32	k8v8kb32vb16	1.8285714285714285	0.9999756217002869	727.817899951333	16	8	4	32
global	512	16	2	8192	32	k8v8kb16vb64	1.855072463768116	0.999973475933075	727.8469000084442	16	8	4	32
global	512	16	2	8192	32	k8v8kb16vb16	1.7777777777777777	0.999980628490448	728.1109999894397	16	8	4	32
global	512	16	2	8192	32	k8v8kb32vb32	1.8823529411764706	0.9999752044677734	730.2363000235346	16	8	4	32
global	512	16	2	8192	32	k8v8kb16vb32	1.8285714285714285	0.9999741315841675	730.282799941051	16	8	4	32
global	512	16	2	8192	32	k8v8kb64vb32	1.9104477611940298	0.999969482421875	732.4544000766764	16	8	4	32
global	512	16	2	8192	32	k8v8kb32vb64	1.9104477611940298	0.9999697804450989	733.6019999456767	16	8	4	32
global	512	16	2	8192	32	k4v8kb64vb32	2.5098039215686274	0.9953038096427917	833.2076000442612	16	8	4	32
global	512	16	2	8192	32	k4v8kb32vb32	2.4615384615384617	0.9960058331489563	833.5733999956574	16	8	4	32
global	512	16	2	8192	32	k4v8kb32vb64	2.5098039215686274	0.9964655637741089	835.2613000170095	16	8	4	64
global	512	16	2	8192	32	k4v8kb16vb16	2.2857142857142856	0.9981381893157959	879.0930999566626	16	8	4	64
global	512	16	2	8192	32	k4v8kb16vb64	2.4150943396226414	0.9977798461914062	880.2284999546828	16	8	4	64
global	512	16	2	8192	32	k4v8kb64vb16	2.4150943396226414	0.995914101600647	880.5194000160554	16	8	4	64
global	512	16	2	8192	32	k4v8kb16vb32	2.3703703703703702	0.9974852800369263	880.9122000457137	16	8	4	64
global	512	16	2	8192	32	k4v8kb32vb16	2.3703703703703702	0.994443953037262	880.9599999949569	16	8	4	64
global	512	16	2	8192	64	k4v4kb64vb64	3.764705882352941	0.9908187389373779	834.7173999936786	16	8	2	32
global	512	16	2	8192	64	k8v4kb64vb64	2.56	0.9948689937591553	844.633100041392	16	8	2	32
global	512	16	2	8192	64	k8v4kb32vb16	2.3703703703703702	0.9970170855522156	964.6483000324224	16	8	2	32
global	512	16	2	8192	64	k8v4kb16vb16	2.2857142857142856	0.996934175491333	965.4085000875057	16	8	2	32
global	512	16	2	8192	64	k8v4kb16vb64	2.4150943396226414	0.9951935410499573	966.6353000284289	16	8	2	32
global	512	16	2	8192	64	k8v4kb16vb32	2.3703703703703702	0.9958562850952148	968.3295000286307	16	8	2	32
global	512	16	2	8192	64	k8v4kb32vb64	2.5098039215686274	0.9951202869415283	969.4499999568507	16	8	2	32
global	512	16	2	8192	64	k8v4kb64vb32	2.5098039215686274	0.9958614110946655	970.2352000203973	16	8	2	32
global	512	16	2	8192	64	k8v4kb64vb16	2.4150943396226414	0.9967867136001587	970.497699927364	16	8	2	32
global	512	16	2	8192	64	k8v4kb32vb32	2.4615384615384617	0.9957436919212341	971.0667999570433	16	8	2	32
global	512	16	2	8192	64	k4v4kb16vb32	3.3684210526315788	0.9926023483276367	1045.4448999553279	16	8	2	32
global	512	16	2	8192	64	k4v4kb16vb64	3.4594594594594597	0.9928065538406372	1054.8137999649043	16	8	2	32
global	512	16	2	8192	64	k4v4kb16vb16	3.2	0.9939029216766357	1056.232400060253	16	8	2	32
global	512	16	2	8192	64	k4v4kb64vb16	3.4594594594594597	0.9928691387176514	1059.1690000183007	16	8	2	32
global	512	16	2	8192	64	k4v4kb32vb64	3.657142857142857	0.9914973974227905	1091.745599933347	16	8	2	32
global	512	16	2	8192	64	k4v4kb32vb16	3.3684210526315788	0.993203341960907	1097.4193000038213	16	8	2	64
global	512	16	2	8192	64	k4v4kb64vb32	3.657142857142857	0.9920229315757751	1098.5271999743418	16	8	2	32
global	512	16	2	8192	64	k4v4kb32vb32	3.5555555555555554	0.9920855760574341	1099.094100027287	16	8	2	32
global	512	16	2	8192	64	k8v8kb64vb64	1.9393939393939394	0.9999664425849915	1127.8461000074458	16	8	4	32
global	512	16	2	8192	64	k4v8kb64vb64	2.56	0.9955765008926392	1260.4669999745965	16	8	4	32
global	512	16	2	8192	64	k8v8kb16vb32	1.8285714285714285	0.9999741315841675	1377.9865000287828	16	8	4	32
global	512	16	2	8192	64	k8v8kb64vb16	1.855072463768116	0.9999755620956421	1379.2277999527869	16	8	4	32
global	512	16	2	8192	64	k8v8kb32vb16	1.8285714285714285	0.9999756217002869	1386.248099970544	16	8	4	32
global	512	16	2	8192	64	k8v8kb64vb32	1.9104477611940298	0.999969482421875	1387.4378999389592	16	8	4	32
global	512	16	2	8192	64	k8v8kb16vb16	1.7777777777777777	0.999980628490448	1398.1840000269585	16	8	4	32
global	512	16	2	8192	64	k8v8kb32vb32	1.8823529411764706	0.9999752044677734	1420.7678999810014	16	8	4	32
global	512	16	2	8192	64	k8v8kb32vb64	1.9104477611940298	0.9999697804450989	1421.058500000072	16	8	4	32
global	512	16	2	8192	64	k8v8kb16vb64	1.855072463768116	0.999973475933075	1429.2079999904672	16	8	4	64
global	512	16	2	8192	64	k4v8kb32vb64	2.5098039215686274	0.9964655637741089	1582.3389000615862	16	8	4	32
global	512	16	2	8192	64	k4v8kb32vb32	2.4615384615384617	0.9960058331489563	1584.6082000280148	16	8	4	32
global	512	16	2	8192	64	k4v8kb64vb32	2.5098039215686274	0.9953038096427917	1587.6808000029996	16	8	4	32
global	512	16	2	8192	64	k4v8kb64vb16	2.4150943396226414	0.995914101600647	1672.7682999771787	16	8	4	32
global	512	16	2	8192	64	k4v8kb16vb16	2.2857142857142856	0.9981381893157959	1681.975399969815	16	8	4	32
global	512	16	2	8192	64	k4v8kb32vb16	2.3703703703703702	0.994443953037262	1683.459000014409	16	8	4	32
global	512	16	2	8192	64	k4v8kb16vb32	2.3703703703703702	0.9974852800369263	1687.976700031868	16	8	4	32
global	512	16	2	8192	64	k4v8kb16vb64	2.4150943396226414	0.9977798461914062	1705.3397999916342	16	8	4	64
global	512	16	2	8192	128	k4v4kb64vb64	3.764705882352941	0.9908187389373779	1579.148000018904	16	8	2	32
global	512	16	2	8192	128	k8v4kb64vb64	2.56	0.9948689937591553	1656.5572000217799	16	8	2	32
global	512	16	2	8192	128	k8v4kb16vb64	2.4150943396226414	0.9951935410499573	1845.7912000485521	16	8	2	32
global	512	16	2	8192	128	k8v4kb16vb32	2.3703703703703702	0.9958562850952148	1850.32819999833	16	8	2	32
global	512	16	2	8192	128	k8v4kb16vb16	2.2857142857142856	0.996934175491333	1852.1202000556514	16	8	2	32
global	512	16	2	8192	128	k8v4kb64vb16	2.4150943396226414	0.9967867136001587	1859.8378999740817	16	8	2	32
global	512	16	2	8192	128	k8v4kb32vb16	2.3703703703703702	0.9970170855522156	1864.1478999597894	16	8	2	32
global	512	16	2	8192	128	k8v4kb64vb32	2.5098039215686274	0.9958614110946655	1869.9442000070121	16	8	2	32
global	512	16	2	8192	128	k8v4kb32vb64	2.5098039215686274	0.9951202869415283	1874.7102000816085	16	8	2	32
global	512	16	2	8192	128	k8v4kb32vb32	2.4615384615384617	0.9957436919212341	1876.6851999316714	16	8	2	32
global	512	16	2	8192	128	k4v4kb16vb32	3.3684210526315788	0.9926023483276367	2020.1524000185598	16	8	2	32
global	512	16	2	8192	128	k4v4kb32vb16	3.3684210526315788	0.993203341960907	2021.2819000335003	16	8	2	32
global	512	16	2	8192	128	k4v4kb16vb16	3.2	0.9939029216766357	2021.5724000081534	16	8	2	32
global	512	16	2	8192	128	k4v4kb64vb16	3.4594594594594597	0.9928691387176514	2021.886300008191	16	8	2	32
global	512	16	2	8192	128	k4v4kb16vb64	3.4594594594594597	0.9928065538406372	2068.4351999989303	16	8	2	32
global	512	16	2	8192	128	k4v4kb64vb32	3.657142857142857	0.9920229315757751	2074.350400016556	16	8	2	32
global	512	16	2	8192	128	k4v4kb32vb32	3.5555555555555554	0.9920855760574341	2075.658900048438	16	8	2	32
global	512	16	2	8192	128	k4v4kb32vb64	3.657142857142857	0.9914973974227905	2078.143499966245	16	8	2	32
global	512	16	2	8192	128	k8v8kb64vb64	1.9393939393939394	0.9999664425849915	2209.3319999839878	16	8	4	32
global	512	16	2	8192	128	k4v8kb64vb64	2.56	0.9955765008926392	2484.29990006116	16	8	4	32
global	512	16	2	8192	128	k8v8kb64vb16	1.855072463768116	0.9999755620956421	2684.628600036376	16	8	4	32
global	512	16	2	8192	128	k8v8kb32vb16	1.8285714285714285	0.9999756217002869	2686.9913999689743	16	8	4	32
global	512	16	2	8192	128	k8v8kb16vb64	1.855072463768116	0.999973475933075	2688.83939997977	16	8	4	32
global	512	16	2	8192	128	k8v8kb32vb32	1.8823529411764706	0.9999752044677734	2698.5399999830406	16	8	4	32
global	512	16	2	8192	128	k8v8kb32vb64	1.9104477611940298	0.9999697804450989	2700.084499974764	16	8	4	32
global	512	16	2	8192	128	k8v8kb64vb32	1.9104477611940298	0.999969482421875	2717.4021000064386	16	8	4	32
global	512	16	2	8192	128	k8v8kb16vb32	1.8285714285714285	0.9999741315841675	2797.0946000095864	16	8	4	64
global	512	16	2	8192	128	k8v8kb16vb16	1.7777777777777777	0.999980628490448	2800.0940999845625	16	8	4	64
global	512	16	2	8192	128	k4v8kb32vb32	2.4615384615384617	0.9960058331489563	3095.4843000472465	16	8	4	32
global	512	16	2	8192	128	k4v8kb64vb32	2.5098039215686274	0.9953038096427917	3101.121300005616	16	8	4	32
global	512	16	2	8192	128	k4v8kb32vb64	2.5098039215686274	0.9964655637741089	3106.6857000041637	16	8	4	32
global	512	16	2	8192	128	k4v8kb16vb16	2.2857142857142856	0.9981381893157959	3228.7089000419655	16	8	4	32
global	512	16	2	8192	128	k4v8kb64vb16	2.4150943396226414	0.995914101600647	3241.8791000054625	16	8	4	32
global	512	16	2	8192	128	k4v8kb32vb16	2.3703703703703702	0.994443953037262	3243.856799963396	16	8	4	32
global	512	16	2	8192	128	k4v8kb16vb64	2.4150943396226414	0.9977798461914062	3254.737000042951	16	8	4	32
global	512	16	2	8192	128	k4v8kb16vb32	2.3703703703703702	0.9974852800369263	3258.8336000117124	16	8	4	32
global	512	16	2	8192	240	k4v4kb64vb64	3.764705882352941	0.9908187389373779	2998.010700048326	16	8	2	32
global	512	16	2	8192	240	k4v4kb16vb32	3.3684210526315788	0.9926023483276367	3727.4641999829328	16	8	2	32
global	512	16	2	8192	240	k4v4kb16vb16	3.2	0.9939029216766357	3731.8523000067216	16	8	2	32
global	512	16	2	8192	240	k4v4kb16vb64	3.4594594594594597	0.9928065538406372	3787.7710000429943	16	8	2	32
global	512	16	2	8192	240	k4v4kb32vb16	3.3684210526315788	0.993203341960907	3788.4848000430793	16	8	2	32
global	512	16	2	8192	240	k4v4kb64vb16	3.4594594594594597	0.9928691387176514	3818.0514000487165	16	8	2	32
global	512	16	2	8192	240	k4v4kb32vb32	3.5555555555555554	0.9920855760574341	3828.4588000351505	16	8	2	32
global	512	16	2	8192	240	k4v4kb32vb64	3.657142857142857	0.9914973974227905	3858.7330000154907	16	8	2	32
global	512	16	2	8192	240	k4v4kb64vb32	3.657142857142857	0.9920229315757751	3875.423000044975	16	8	2	32
